{
    "$schema": "https://schema.management.azure.com/schemas/2015-01-01/deploymentParameters.json#",
    "contentVersion": "1.0.0.0",
    "parameters": {
        "virtualMachines_winBuildVS20153_adminPassword": {
            "value": null
        },
        "virtualMachines_winBuildVS20153_name": {
            "value": null
        },
        "networkInterfaces_winbuildvs20153785_name": {
            "value": null
        },
        "networkSecurityGroups_winBuildVS20153_nsg_name": {
            "value": null
        },
        "publicIPAddresses_winBuildVS20153_ip_name": {
            "value": null
        },
        "storageAccounts_privatebuildwindiag992_name": {
            "value": null
        },
        "storageAccounts_privatebuildwindisks717_name": {
            "value": null
        },
        "networkInterfaces_winbuildvs20153785_id": {
            "value": null
        }
    }
}